-- ===================================================
-- 테스트 데이터 입력 스크립트 (PostgreSQL)
-- ===================================================

-- 부서 데이터 입력
INSERT INTO DIVISION
VALUES ('DIV001', '경영지원본부', 'MBR001', CURRENT_TIMESTAMP, CURRENT_TIMESTAMP);
INSERT INTO DIVISION
VALUES ('DIV002', '영업본부', 'MBR002', CURRENT_TIMESTAMP, CURRENT_TIMESTAMP);
INSERT INTO DIVISION
VALUES ('DIV003', '기술개발본부', 'MBR003', CURRENT_TIMESTAMP, CURRENT_TIMESTAMP);

-- 부서 데이터 입력
INSERT INTO DEPARTMENT
VALUES ('DEP001', '인사팀', 'DIV001', 'MBR004', CURRENT_TIMESTAMP, CURRENT_TIMESTAMP);
INSERT INTO DEPARTMENT
VALUES ('DEP002', '재무팀', 'DIV001', 'MBR005', CURRENT_TIMESTAMP, CURRENT_TIMESTAMP);
INSERT INTO DEPARTMENT
VALUES ('DEP003', '국내영업팀', 'DIV002', 'MBR006', CURRENT_TIMESTAMP, CURRENT_TIMESTAMP);
INSERT INTO DEPARTMENT
VALUES ('DEP004', '해외영업팀', 'DIV002', 'MBR007', CURRENT_TIMESTAMP, CURRENT_TIMESTAMP);
INSERT INTO DEPARTMENT
VALUES ('DEP005', '서비스개발팀', 'DIV003', 'MBR008', CURRENT_TIMESTAMP, CURRENT_TIMESTAMP);
INSERT INTO DEPARTMENT
VALUES ('DEP006', '인프라팀', 'DIV003', 'MBR009', CURRENT_TIMESTAMP, CURRENT_TIMESTAMP);

-- 팀 데이터 입력
INSERT INTO TEAM
VALUES ('TEAM001', '인사기획파트', 'DEP001', 'MBR010', CURRENT_TIMESTAMP, CURRENT_TIMESTAMP);
INSERT INTO TEAM
VALUES ('TEAM002', '인사운영파트', 'DEP001', 'MBR011', CURRENT_TIMESTAMP, CURRENT_TIMESTAMP);
INSERT INTO TEAM
VALUES ('TEAM003', '회계파트', 'DEP002', 'MBR012', CURRENT_TIMESTAMP, CURRENT_TIMESTAMP);
INSERT INTO TEAM
VALUES ('TEAM004', '자금파트', 'DEP002', 'MBR013', CURRENT_TIMESTAMP, CURRENT_TIMESTAMP);
INSERT INTO TEAM
VALUES ('TEAM005', '국내영업1파트', 'DEP003', 'MBR014', CURRENT_TIMESTAMP, CURRENT_TIMESTAMP);
INSERT INTO TEAM
VALUES ('TEAM006', '국내영업2파트', 'DEP003', 'MBR015', CURRENT_TIMESTAMP, CURRENT_TIMESTAMP);
INSERT INTO TEAM
VALUES ('TEAM007', '미주영업파트', 'DEP004', 'MBR016', CURRENT_TIMESTAMP, CURRENT_TIMESTAMP);
INSERT INTO TEAM
VALUES ('TEAM008', '아시아영업파트', 'DEP004', 'MBR017', CURRENT_TIMESTAMP, CURRENT_TIMESTAMP);
INSERT INTO TEAM
VALUES ('TEAM009', '웹서비스개발파트', 'DEP005', 'MBR018', CURRENT_TIMESTAMP, CURRENT_TIMESTAMP);
INSERT INTO TEAM
VALUES ('TEAM010', '모바일개발파트', 'DEP005', 'MBR019', CURRENT_TIMESTAMP, CURRENT_TIMESTAMP);
INSERT INTO TEAM
VALUES ('TEAM011', '서버인프라파트', 'DEP006', 'MBR020', CURRENT_TIMESTAMP, CURRENT_TIMESTAMP);
INSERT INTO TEAM
VALUES ('TEAM012', '보안파트', 'DEP006', 'MBR021', CURRENT_TIMESTAMP, CURRENT_TIMESTAMP);

-- 회원 데이터 입력
INSERT INTO MEMBER
VALUES ('MBR001', 'CO001', '김경영', 'kim@example.com', '010-1111-1111', '1970-01-01'::DATE, 'M', '2010-01-01'::DATE, 'A',
        CURRENT_TIMESTAMP, NULL, NULL, 'DIV001', CURRENT_TIMESTAMP, CURRENT_TIMESTAMP);
INSERT INTO MEMBER
VALUES ('MBR002', 'CO001', '박영업', 'park@example.com', '010-2222-2222', '1975-02-01'::DATE, 'M', '2011-01-01'::DATE, 'A',
        CURRENT_TIMESTAMP, NULL, NULL, 'DIV002', CURRENT_TIMESTAMP, CURRENT_TIMESTAMP);
INSERT INTO MEMBER
VALUES ('MBR003', 'CO001', '이기술', 'lee@example.com', '010-3333-3333', '1978-03-01'::DATE, 'M', '2012-01-01'::DATE, 'A',
        CURRENT_TIMESTAMP, NULL, NULL, 'DIV003', CURRENT_TIMESTAMP, CURRENT_TIMESTAMP);
INSERT INTO MEMBER
VALUES ('MBR004', 'CO001', '최인사', 'choi@example.com', '010-4444-4444', '1980-04-01'::DATE, 'F', '2013-01-01'::DATE, 'A',
        CURRENT_TIMESTAMP, NULL, 'DEP001', NULL, CURRENT_TIMESTAMP, CURRENT_TIMESTAMP);
INSERT INTO MEMBER
VALUES ('MBR005', 'CO001', '정재무', 'jung@example.com', '010-5555-5555', '1982-05-01'::DATE, 'M', '2014-01-01'::DATE, 'A',
        CURRENT_TIMESTAMP, NULL, 'DEP002', NULL, CURRENT_TIMESTAMP, CURRENT_TIMESTAMP);
INSERT INTO MEMBER
VALUES ('MBR006', 'CO001', '강국내', 'kang@example.com', '010-6666-6666', '1985-06-01'::DATE, 'M', '2015-01-01'::DATE, 'A',
        CURRENT_TIMESTAMP, NULL, 'DEP003', NULL, CURRENT_TIMESTAMP, CURRENT_TIMESTAMP);
INSERT INTO MEMBER
VALUES ('MBR007', 'CO001', '조해외', 'jo@example.com', '010-7777-7777', '1988-07-01'::DATE, 'F', '2016-01-01'::DATE, 'A',
        CURRENT_TIMESTAMP, NULL, 'DEP004', NULL, CURRENT_TIMESTAMP, CURRENT_TIMESTAMP);
INSERT INTO MEMBER
VALUES ('MBR008', 'CO001', '윤서비스', 'yoon@example.com', '010-8888-8888', '1990-08-01'::DATE, 'M', '2017-01-01'::DATE,
        'A', CURRENT_TIMESTAMP, NULL, 'DEP005', NULL, CURRENT_TIMESTAMP, CURRENT_TIMESTAMP);
INSERT INTO MEMBER
VALUES ('MBR009', 'CO001', '장인프라', 'jang@example.com', '010-9999-9999', '1992-09-01'::DATE, 'F', '2018-01-01'::DATE,
        'A', CURRENT_TIMESTAMP, NULL, 'DEP006', NULL, CURRENT_TIMESTAMP, CURRENT_TIMESTAMP);
INSERT INTO MEMBER
VALUES ('MBR010', 'CO001', '임기획', 'im@example.com', '010-1010-1010', '1993-10-01'::DATE, 'M', '2019-01-01'::DATE, 'A',
        CURRENT_TIMESTAMP, 'TEAM001', NULL, NULL, CURRENT_TIMESTAMP, CURRENT_TIMESTAMP);
INSERT INTO MEMBER
VALUES ('MBR011', 'CO001', '한운영', 'han@example.com', '010-1111-0000', '1994-11-01'::DATE, 'F', '2019-02-01'::DATE, 'A',
        CURRENT_TIMESTAMP, 'TEAM002', NULL, NULL, CURRENT_TIMESTAMP, CURRENT_TIMESTAMP);
INSERT INTO MEMBER
VALUES ('MBR012', 'CO001', '오회계', 'oh@example.com', '010-1212-1212', '1995-12-01'::DATE, 'M', '2019-03-01'::DATE, 'A',
        CURRENT_TIMESTAMP, 'TEAM003', NULL, NULL, CURRENT_TIMESTAMP, CURRENT_TIMESTAMP);
INSERT INTO MEMBER
VALUES ('MBR013', 'CO002', '신자금', 'shin@example.com', '010-1313-1313', '1996-01-01'::DATE, 'F', '2019-04-01'::DATE, 'A',
        CURRENT_TIMESTAMP, 'TEAM004', NULL, NULL, CURRENT_TIMESTAMP, CURRENT_TIMESTAMP);
INSERT INTO MEMBER
VALUES ('MBR014', 'CO002', '황영업1', 'hwang@example.com', '010-1414-1414', '1997-02-01'::DATE, 'M', '2019-05-01'::DATE,
        'A', CURRENT_TIMESTAMP, 'TEAM005', NULL, NULL, CURRENT_TIMESTAMP, CURRENT_TIMESTAMP);
INSERT INTO MEMBER
VALUES ('MBR015', 'CO002', '안영업2', 'ahn@example.com', '010-1515-1515', '1998-03-01'::DATE, 'F', '2019-06-01'::DATE, 'A',
        CURRENT_TIMESTAMP, 'TEAM006', NULL, NULL, CURRENT_TIMESTAMP, CURRENT_TIMESTAMP);
INSERT INTO MEMBER
VALUES ('MBR016', 'CO002', '송미주', 'song@example.com', '010-1616-1616', '1999-04-01'::DATE, 'M', '2019-07-01'::DATE, 'A',
        CURRENT_TIMESTAMP, 'TEAM007', NULL, NULL, CURRENT_TIMESTAMP, CURRENT_TIMESTAMP);
INSERT INTO MEMBER
VALUES ('MBR017', 'CO002', '유아시아', 'you@example.com', '010-1717-1717', '2000-05-01'::DATE, 'F', '2019-08-01'::DATE, 'A',
        CURRENT_TIMESTAMP, 'TEAM008', NULL, NULL, CURRENT_TIMESTAMP, CURRENT_TIMESTAMP);
INSERT INTO MEMBER
VALUES ('MBR018', 'CO003', '설웹개발', 'seol@example.com', '010-1818-1818', '1988-06-01'::DATE, 'M', '2019-09-01'::DATE,
        'A', CURRENT_TIMESTAMP, 'TEAM009', NULL, NULL, CURRENT_TIMESTAMP, CURRENT_TIMESTAMP);
INSERT INTO MEMBER
VALUES ('MBR019', 'CO003', '홍모바일', 'hong@example.com', '010-1919-1919', '1989-07-01'::DATE, 'F', '2019-10-01'::DATE,
        'A', CURRENT_TIMESTAMP, 'TEAM010', NULL, NULL, CURRENT_TIMESTAMP, CURRENT_TIMESTAMP);
INSERT INTO MEMBER
VALUES ('MBR020', 'CO003', '남서버', 'nam@example.com', '010-2020-2020', '1990-08-01'::DATE, 'M', '2019-11-01'::DATE, 'A',
        CURRENT_TIMESTAMP, 'TEAM011', NULL, NULL, CURRENT_TIMESTAMP, CURRENT_TIMESTAMP);
INSERT INTO MEMBER
VALUES ('MBR021', 'CO003', '진보안', 'jin@example.com', '010-2121-2121', '1991-09-01'::DATE, 'F', '2019-12-01'::DATE, 'A',
        CURRENT_TIMESTAMP, 'TEAM012', NULL, NULL, CURRENT_TIMESTAMP, CURRENT_TIMESTAMP);
INSERT INTO MEMBER
VALUES ('MBR022', 'CO003', '백엔드', 'baek@example.com', '010-2222-3333', '1992-10-01'::DATE, 'M', '2020-01-01'::DATE, 'A',
        CURRENT_TIMESTAMP, 'TEAM009', NULL, NULL, CURRENT_TIMESTAMP, CURRENT_TIMESTAMP);
INSERT INTO MEMBER
VALUES ('MBR023', 'CO003', '고프론트', 'ko@example.com', '010-2323-2323', '1993-11-01'::DATE, 'F', '2020-02-01'::DATE, 'A',
        CURRENT_TIMESTAMP, 'TEAM009', NULL, NULL, CURRENT_TIMESTAMP, CURRENT_TIMESTAMP);
INSERT INTO MEMBER
VALUES ('MBR024', 'CO004', '하앱개발', 'ha@example.com', '010-2424-2424', '1994-12-01'::DATE, 'M', '2020-03-01'::DATE, 'A',
        CURRENT_TIMESTAMP, 'TEAM010', NULL, NULL, CURRENT_TIMESTAMP, CURRENT_TIMESTAMP);
INSERT INTO MEMBER
VALUES ('MBR025', 'CO004', '전클라우드', 'jeon@example.com', '010-2525-2525', '1995-01-01'::DATE, 'F', '2020-04-01'::DATE,
        'A', CURRENT_TIMESTAMP, 'TEAM011', NULL, NULL, CURRENT_TIMESTAMP, CURRENT_TIMESTAMP);
INSERT INTO MEMBER
VALUES ('MBR026', 'CO004', '방침투', 'bang@example.com', '010-2626-2626', '1996-02-01'::DATE, 'M', '2020-05-01'::DATE, 'A',
        CURRENT_TIMESTAMP, 'TEAM012', NULL, NULL, CURRENT_TIMESTAMP, CURRENT_TIMESTAMP);
INSERT INTO MEMBER
VALUES ('MBR027', 'CO004', '소고객', 'so@example.com', '010-2727-2727', '1997-03-01'::DATE, 'F', '2020-06-01'::DATE, 'A',
        CURRENT_TIMESTAMP, 'TEAM005', NULL, NULL, CURRENT_TIMESTAMP, CURRENT_TIMESTAMP);
INSERT INTO MEMBER
VALUES ('MBR028', 'CO004', '노개발자', 'noh@example.com', '010-2828-2828', '1998-04-01'::DATE, 'M', '2020-07-01'::DATE, 'A',
        CURRENT_TIMESTAMP, 'TEAM009', NULL, NULL, CURRENT_TIMESTAMP, CURRENT_TIMESTAMP);
INSERT INTO MEMBER
VALUES ('MBR029', 'CO005', '배데이터', 'bae@example.com', '010-2929-2929', '1999-05-01'::DATE, 'F', '2020-08-01'::DATE, 'A',
        CURRENT_TIMESTAMP, 'TEAM009', NULL, NULL, CURRENT_TIMESTAMP, CURRENT_TIMESTAMP);
INSERT INTO MEMBER
VALUES ('MBR030', 'CO005', '도분석가', 'do@example.com', '010-3030-3030', '2000-06-01'::DATE, 'M', '2020-09-01'::DATE, 'A',
        CURRENT_TIMESTAMP, 'TEAM009', NULL, NULL, CURRENT_TIMESTAMP, CURRENT_TIMESTAMP);

-- 벤더 데이터 입력
INSERT INTO VENDOR
VALUES ('VEN001', '테크솔루션', '123-45-67890', '김대표', 'tech@example.com', '02-111-1111', '서울시 강남구', '2020-01-01'::DATE,
        '2022-12-31'::DATE, 'A', CURRENT_TIMESTAMP, CURRENT_TIMESTAMP);
INSERT INTO VENDOR
VALUES ('VEN002', '시스템통합', '234-56-78901', '이사장', 'system@example.com', '02-222-2222', '서울시 서초구', '2020-02-01'::DATE,
        '2023-01-31'::DATE, 'A', CURRENT_TIMESTAMP, CURRENT_TIMESTAMP);
INSERT INTO VENDOR
VALUES ('VEN003', '디자인스튜디오', '345-67-89012', '박실장', 'design@example.com', '02-333-3333', '서울시 마포구', '2020-03-01'::DATE,
        '2023-02-28'::DATE, 'A', CURRENT_TIMESTAMP, CURRENT_TIMESTAMP);
INSERT INTO VENDOR
VALUES ('VEN004', '보안컨설팅', '456-78-90123', '최이사', 'security@example.com', '02-444-4444', '서울시 영등포구', '2020-04-01'::DATE,
        '2023-03-31'::DATE, 'A', CURRENT_TIMESTAMP, CURRENT_TIMESTAMP);
INSERT INTO VENDOR
VALUES ('VEN005', '클라우드서비스', '567-89-01234', '정매니저', 'cloud@example.com', '02-555-5555', '서울시 송파구', '2020-05-01'::DATE,
        '2023-04-30'::DATE, 'A', CURRENT_TIMESTAMP, CURRENT_TIMESTAMP);

-- 프로젝트 데이터 입력
INSERT INTO PROJECT
VALUES ('PROJ001', '웹사이트 리뉴얼', 'TEAM009', 'VEN001', '2022-01-01'::DATE, '2022-06-30'::DATE, 100000000, 'COMPLETED',
        '회사 웹사이트 전면 개편', 'MBR018', CURRENT_TIMESTAMP, CURRENT_TIMESTAMP);
INSERT INTO PROJECT
VALUES ('PROJ002', '모바일 앱 개발', 'TEAM010', 'VEN002', '2022-02-01'::DATE, '2022-08-31'::DATE, 150000000, 'COMPLETED',
        '안드로이드 및 iOS 앱 개발', 'MBR019', CURRENT_TIMESTAMP, CURRENT_TIMESTAMP);
INSERT INTO PROJECT
VALUES ('PROJ003', '서버 인프라 구축', 'TEAM011', 'VEN005', '2022-03-01'::DATE, '2022-09-30'::DATE, 200000000, 'COMPLETED',
        '클라우드 기반 서버 인프라 구축', 'MBR020', CURRENT_TIMESTAMP, CURRENT_TIMESTAMP);
INSERT INTO PROJECT
VALUES ('PROJ004', '보안 시스템 강화', 'TEAM012', 'VEN004', '2022-04-01'::DATE, '2022-10-31'::DATE, 80000000, 'COMPLETED',
        '사내 보안 시스템 강화', 'MBR021', CURRENT_TIMESTAMP, CURRENT_TIMESTAMP);
INSERT INTO PROJECT
VALUES ('PROJ005', '디자인 시스템 구축', 'TEAM009', 'VEN003', '2022-05-01'::DATE, '2022-11-30'::DATE, 70000000, 'COMPLETED',
        '디자인 시스템 구축 및 가이드라인 제작', 'MBR023', CURRENT_TIMESTAMP, CURRENT_TIMESTAMP);
INSERT INTO PROJECT
VALUES ('PROJ006', '데이터 분석 시스템', 'TEAM009', 'VEN001', '2022-06-01'::DATE, '2022-12-31'::DATE, 120000000, 'COMPLETED',
        '빅데이터 분석 시스템 구축', 'MBR029', CURRENT_TIMESTAMP, CURRENT_TIMESTAMP);
INSERT INTO PROJECT
VALUES ('PROJ007', 'ERP 시스템 도입', 'TEAM003', 'VEN002', '2022-07-01'::DATE, '2023-01-31'::DATE, 250000000, 'COMPLETED',
        '전사 ERP 시스템 도입', 'MBR012', CURRENT_TIMESTAMP, CURRENT_TIMESTAMP);
INSERT INTO PROJECT
VALUES ('PROJ008', '고객 관리 시스템', 'TEAM005', 'VEN001', '2022-08-01'::DATE, '2023-02-28'::DATE, 90000000, 'COMPLETED',
        '고객 관리 시스템 개발', 'MBR014', CURRENT_TIMESTAMP, CURRENT_TIMESTAMP);
INSERT INTO PROJECT
VALUES ('PROJ009', '글로벌 마케팅 시스템', 'TEAM007', 'VEN002', '2022-09-01'::DATE, '2023-03-31'::DATE, 130000000, 'COMPLETED',
        '글로벌 마케팅 플랫폼 구축', 'MBR016', CURRENT_TIMESTAMP, CURRENT_TIMESTAMP);
INSERT INTO PROJECT
VALUES ('PROJ010', '모바일 결제 시스템', 'TEAM010', 'VEN001', '2022-10-01'::DATE, '2023-04-30'::DATE, 180000000, 'PENDING',
        '모바일 결제 시스템 개발', 'MBR024', CURRENT_TIMESTAMP, CURRENT_TIMESTAMP);
INSERT INTO PROJECT
VALUES ('PROJ011', '클라우드 마이그레이션', 'TEAM011', 'VEN005', '2022-11-01'::DATE, '2023-05-31'::DATE, 220000000, 'PENDING',
        '기존 시스템의 클라우드 마이그레이션', 'MBR025', CURRENT_TIMESTAMP, CURRENT_TIMESTAMP);
INSERT INTO PROJECT
VALUES ('PROJ012', '보안 취약점 점검', 'TEAM012', 'VEN004', '2022-12-01'::DATE, '2023-06-30'::DATE, 60000000, 'PENDING',
        '전사 시스템 보안 취약점 점검', 'MBR026', CURRENT_TIMESTAMP, CURRENT_TIMESTAMP);

-- 상품 카테고리 데이터 입력
INSERT INTO PRODUCT_CATEGORY
VALUES ('CAT001', '전자기기', NULL, CURRENT_TIMESTAMP, CURRENT_TIMESTAMP);
INSERT INTO PRODUCT_CATEGORY
VALUES ('CAT002', '가전제품', NULL, CURRENT_TIMESTAMP, CURRENT_TIMESTAMP);
INSERT INTO PRODUCT_CATEGORY
VALUES ('CAT003', '사무용품', NULL, CURRENT_TIMESTAMP, CURRENT_TIMESTAMP);
INSERT INTO PRODUCT_CATEGORY
VALUES ('CAT004', '스마트폰', 'CAT001', CURRENT_TIMESTAMP, CURRENT_TIMESTAMP);
INSERT INTO PRODUCT_CATEGORY
VALUES ('CAT005', '노트북', 'CAT001', CURRENT_TIMESTAMP, CURRENT_TIMESTAMP);
INSERT INTO PRODUCT_CATEGORY
VALUES ('CAT006', '태블릿', 'CAT001', CURRENT_TIMESTAMP, CURRENT_TIMESTAMP);
INSERT INTO PRODUCT_CATEGORY
VALUES ('CAT007', 'TV', 'CAT002', CURRENT_TIMESTAMP, CURRENT_TIMESTAMP);
INSERT INTO PRODUCT_CATEGORY
VALUES ('CAT008', '냉장고', 'CAT002', CURRENT_TIMESTAMP, CURRENT_TIMESTAMP);
INSERT INTO PRODUCT_CATEGORY
VALUES ('CAT009', '세탁기', 'CAT002', CURRENT_TIMESTAMP, CURRENT_TIMESTAMP);
INSERT INTO PRODUCT_CATEGORY
VALUES ('CAT010', '사무용 가구', 'CAT003', CURRENT_TIMESTAMP, CURRENT_TIMESTAMP);
INSERT INTO PRODUCT_CATEGORY
VALUES ('CAT011', '사무용 기기', 'CAT003', CURRENT_TIMESTAMP, CURRENT_TIMESTAMP);
INSERT INTO PRODUCT_CATEGORY
VALUES ('CAT012', '문구류', 'CAT003', CURRENT_TIMESTAMP, CURRENT_TIMESTAMP);

-- 상품 데이터 입력
INSERT INTO PRODUCT
VALUES ('PROD001', '스마트폰 A', 'CAT004', 1000000, 10, 100, '최신형 스마트폰', 'A', 'PROJ010', CURRENT_TIMESTAMP,
        CURRENT_TIMESTAMP);
INSERT INTO PRODUCT
VALUES ('PROD002', '스마트폰 B', 'CAT004', 1500000, 15, 80, '프리미엄 스마트폰', 'A', 'PROJ010', CURRENT_TIMESTAMP,
        CURRENT_TIMESTAMP);
INSERT INTO PRODUCT
VALUES ('PROD003', '노트북 A', 'CAT005', 2000000, 5, 50, '비즈니스용 노트북', 'A', NULL, CURRENT_TIMESTAMP, CURRENT_TIMESTAMP);
INSERT INTO PRODUCT
VALUES ('PROD004', '노트북 B', 'CAT005', 2500000, 8, 30, '게이밍 노트북', 'A', NULL, CURRENT_TIMESTAMP, CURRENT_TIMESTAMP);
INSERT INTO PRODUCT
VALUES ('PROD005', '태블릿 A', 'CAT006', 800000, 12, 70, '10인치 태블릿', 'A', NULL, CURRENT_TIMESTAMP, CURRENT_TIMESTAMP);
INSERT INTO PRODUCT
VALUES ('PROD006', '태블릿 B', 'CAT006', 1200000, 18, 40, '12인치 태블릿', 'A', NULL, CURRENT_TIMESTAMP, CURRENT_TIMESTAMP);
INSERT INTO PRODUCT
VALUES ('PROD007', 'TV A', 'CAT007', 1800000, 20, 20, '65인치 OLED TV', 'A', NULL, CURRENT_TIMESTAMP, CURRENT_TIMESTAMP);
INSERT INTO PRODUCT
VALUES ('PROD008', 'TV B', 'CAT007', 2200000, 22, 15, '75인치 QLED TV', 'A', NULL, CURRENT_TIMESTAMP, CURRENT_TIMESTAMP);
INSERT INTO PRODUCT
VALUES ('PROD009', '냉장고 A', 'CAT008', 1500000, 15, 25, '양문형 냉장고', 'A', NULL, CURRENT_TIMESTAMP, CURRENT_TIMESTAMP);
INSERT INTO PRODUCT
VALUES ('PROD010', '냉장고 B', 'CAT008', 2000000, 18, 18, '4도어 냉장고', 'A', NULL, CURRENT_TIMESTAMP, CURRENT_TIMESTAMP);
INSERT INTO PRODUCT
VALUES ('PROD011', '세탁기 A', 'CAT009', 900000, 10, 30, '드럼 세탁기', 'A', NULL, CURRENT_TIMESTAMP, CURRENT_TIMESTAMP);
INSERT INTO PRODUCT
VALUES ('PROD012', '세탁기 B', 'CAT009', 1200000, 12, 22, '건조 겸용 세탁기', 'A', NULL, CURRENT_TIMESTAMP, CURRENT_TIMESTAMP);
INSERT INTO PRODUCT
VALUES ('PROD013', '사무용 책상', 'CAT010', 300000, 5, 40, '전동 높이조절 책상', 'A', NULL, CURRENT_TIMESTAMP, CURRENT_TIMESTAMP);
INSERT INTO PRODUCT
VALUES ('PROD014', '사무용 의자', 'CAT010', 250000, 8, 50, '인체공학적 의자', 'A', NULL, CURRENT_TIMESTAMP, CURRENT_TIMESTAMP);
INSERT INTO PRODUCT
VALUES ('PROD015', '프린터', 'CAT011', 400000, 15, 35, '컬러 레이저 프린터', 'A', NULL, CURRENT_TIMESTAMP, CURRENT_TIMESTAMP);
INSERT INTO PRODUCT
VALUES ('PROD016', '복합기', 'CAT011', 600000, 18, 25, '스캔/복사/프린트 복합기', 'A', NULL, CURRENT_TIMESTAMP, CURRENT_TIMESTAMP);
INSERT INTO PRODUCT
VALUES ('PROD017', '필기구 세트', 'CAT012', 50000, 20, 200, '고급 필기구 세트', 'A', NULL, CURRENT_TIMESTAMP, CURRENT_TIMESTAMP);
INSERT INTO PRODUCT
VALUES ('PROD018', '노트 세트', 'CAT012', 30000, 25, 300, '프리미엄 노트 세트', 'A', NULL, CURRENT_TIMESTAMP, CURRENT_TIMESTAMP);
INSERT INTO PRODUCT
VALUES ('PROD019', '스마트폰 C', 'CAT004', 900000, 8, 120, '보급형 스마트폰', 'A', 'PROJ010', CURRENT_TIMESTAMP,
        CURRENT_TIMESTAMP);
INSERT INTO PRODUCT
VALUES ('PROD020', '태블릿 C', 'CAT006', 600000, 10, 90, '8인치 태블릿', 'A', NULL, CURRENT_TIMESTAMP, CURRENT_TIMESTAMP);

-- 결제 수단 데이터 입력
INSERT INTO PAYMENT_MEAN
VALUES ('MEAN001', '현금', '현금 결제 수단', CURRENT_TIMESTAMP, CURRENT_TIMESTAMP);
INSERT INTO PAYMENT_MEAN
VALUES ('MEAN002', '카드', '카드 결제 수단', CURRENT_TIMESTAMP, CURRENT_TIMESTAMP);
INSERT INTO PAYMENT_MEAN
VALUES ('MEAN003', '쿠폰', '쿠폰 결제 수단', CURRENT_TIMESTAMP, CURRENT_TIMESTAMP);

-- 결제 수단 상세 데이터 입력
INSERT INTO PAYMENT_MEAN_DTL
VALUES ('DTL001', 'MEAN001', '계좌이체', '은행 계좌 이체', CURRENT_TIMESTAMP, CURRENT_TIMESTAMP);
INSERT INTO PAYMENT_MEAN_DTL
VALUES ('DTL002', 'MEAN001', '무통장입금', '무통장 입금', CURRENT_TIMESTAMP, CURRENT_TIMESTAMP);
INSERT INTO PAYMENT_MEAN_DTL
VALUES ('DTL003', 'MEAN002', '신용카드', '신용카드 결제', CURRENT_TIMESTAMP, CURRENT_TIMESTAMP);
INSERT INTO PAYMENT_MEAN_DTL
VALUES ('DTL004', 'MEAN002', '체크카드', '체크카드 결제', CURRENT_TIMESTAMP, CURRENT_TIMESTAMP);
INSERT INTO PAYMENT_MEAN_DTL
VALUES ('DTL005', 'MEAN003', '상품권', '상품권 결제', CURRENT_TIMESTAMP, CURRENT_TIMESTAMP);
INSERT INTO PAYMENT_MEAN_DTL
VALUES ('DTL006', 'MEAN003', '포인트', '포인트 결제', CURRENT_TIMESTAMP, CURRENT_TIMESTAMP);

-- 주문 마스터 데이터 입력
INSERT INTO ORDER_MASTER
VALUES ('ORD001', 'MBR010', '2023-01-01 10:00:00'::TIMESTAMP, 1000000, 100000, 0, 900000, 'COMPLETED', '서울시 강남구',
        '010-1010-1010', '부재시 경비실에 맡겨주세요', CURRENT_TIMESTAMP, CURRENT_TIMESTAMP);
INSERT INTO ORDER_MASTER
VALUES ('ORD002', 'MBR011', '2023-01-02 11:00:00'::TIMESTAMP, 1500000, 225000, 0, 1275000, 'COMPLETED', '서울시 서초구',
        '010-1111-0000', '문 앞에 놓아주세요', CURRENT_TIMESTAMP, CURRENT_TIMESTAMP);
INSERT INTO ORDER_MASTER
VALUES ('ORD003', 'MBR012', '2023-01-03 12:00:00'::TIMESTAMP, 2000000, 100000, 0, 1900000, 'COMPLETED', '서울시 송파구',
        '010-1212-1212', '배송 전 연락 바랍니다', CURRENT_TIMESTAMP, CURRENT_TIMESTAMP);
INSERT INTO ORDER_MASTER
VALUES ('ORD004', 'MBR013', '2023-01-04 13:00:00'::TIMESTAMP, 2500000, 200000, 0, 2300000, 'COMPLETED', '서울시 강동구',
        '010-1313-1313', '경비실에 맡겨주세요', CURRENT_TIMESTAMP, CURRENT_TIMESTAMP);
INSERT INTO ORDER_MASTER
VALUES ('ORD005', 'MBR014', '2023-01-05 14:00:00'::TIMESTAMP, 800000, 96000, 0, 704000, 'COMPLETED', '서울시 마포구',
        '010-1414-1414', '부재시 연락 바랍니다', CURRENT_TIMESTAMP, CURRENT_TIMESTAMP);
INSERT INTO ORDER_MASTER
VALUES ('ORD006', 'MBR015', '2023-01-06 15:00:00'::TIMESTAMP, 1200000, 216000, 0, 984000, 'COMPLETED', '서울시 영등포구',
        '010-1515-1515', '문 앞에 놓아주세요', CURRENT_TIMESTAMP, CURRENT_TIMESTAMP);
INSERT INTO ORDER_MASTER
VALUES ('ORD007', 'MBR016', '2023-01-07 16:00:00'::TIMESTAMP, 1800000, 360000, 0, 1440000, 'COMPLETED', '서울시 용산구',
        '010-1616-1616', '배송 전 연락 바랍니다', CURRENT_TIMESTAMP, CURRENT_TIMESTAMP);
INSERT INTO ORDER_MASTER
VALUES ('ORD008', 'MBR017', '2023-01-08 17:00:00'::TIMESTAMP, 2200000, 484000, 0, 1716000, 'COMPLETED', '서울시 성동구',
        '010-1717-1717', '경비실에 맡겨주세요', CURRENT_TIMESTAMP, CURRENT_TIMESTAMP);
INSERT INTO ORDER_MASTER
VALUES ('ORD009', 'MBR018', '2023-01-09 18:00:00'::TIMESTAMP, 1500000, 225000, 0, 1275000, 'COMPLETED', '서울시 중구',
        '010-1818-1818', '부재시 연락 바랍니다', CURRENT_TIMESTAMP, CURRENT_TIMESTAMP);
INSERT INTO ORDER_MASTER
VALUES ('ORD010', 'MBR019', '2023-01-10 19:00:00'::TIMESTAMP, 2000000, 360000, 0, 1640000, 'COMPLETED', '서울시 종로구',
        '010-1919-1919', '문 앞에 놓아주세요', CURRENT_TIMESTAMP, CURRENT_TIMESTAMP);
INSERT INTO ORDER_MASTER
VALUES ('ORD011', 'MBR010', '2023-01-11 20:00:00'::TIMESTAMP, 900000, 90000, 0, 810000, 'COMPLETED', '서울시 강남구',
        '010-1010-1010', '배송 전 연락 바랍니다', CURRENT_TIMESTAMP, CURRENT_TIMESTAMP);
INSERT INTO ORDER_MASTER
VALUES ('ORD012', 'MBR011', '2023-01-12 21:00:00'::TIMESTAMP, 1200000, 144000, 0, 1056000, 'COMPLETED', '서울시 서초구',
        '010-1111-0000', '경비실에 맡겨주세요', CURRENT_TIMESTAMP, CURRENT_TIMESTAMP);
INSERT INTO ORDER_MASTER
VALUES ('ORD013', 'MBR012', '2023-01-13 22:00:00'::TIMESTAMP, 400000, 60000, 0, 340000, 'COMPLETED', '서울시 송파구',
        '010-1212-1212', '부재시 연락 바랍니다', CURRENT_TIMESTAMP, CURRENT_TIMESTAMP);
INSERT INTO ORDER_MASTER
VALUES ('ORD014', 'MBR013', '2023-01-14 23:00:00'::TIMESTAMP, 600000, 108000, 0, 492000, 'COMPLETED', '서울시 강동구',
        '010-1313-1313', '문 앞에 놓아주세요', CURRENT_TIMESTAMP, CURRENT_TIMESTAMP);
INSERT INTO ORDER_MASTER
VALUES ('ORD015', 'MBR014', '2023-01-15 09:00:00'::TIMESTAMP, 50000, 10000, 0, 40000, 'PENDING', '서울시 마포구',
        '010-1414-1414', '배송 전 연락 바랍니다', CURRENT_TIMESTAMP, CURRENT_TIMESTAMP);
INSERT INTO ORDER_MASTER
VALUES ('ORD016', 'MBR015', '2023-01-16 10:00:00'::TIMESTAMP, 30000, 7500, 0, 22500, 'PENDING', '서울시 영등포구',
        '010-1515-1515', '경비실에 맡겨주세요', CURRENT_TIMESTAMP, CURRENT_TIMESTAMP);
INSERT INTO ORDER_MASTER
VALUES ('ORD017', 'MBR016', '2023-01-17 11:00:00'::TIMESTAMP, 900000, 72000, 0, 828000, 'PENDING', '서울시 용산구',
        '010-1616-1616', '부재시 연락 바랍니다', CURRENT_TIMESTAMP, CURRENT_TIMESTAMP);
INSERT INTO ORDER_MASTER
VALUES ('ORD018', 'MBR017', '2023-01-18 12:00:00'::TIMESTAMP, 600000, 60000, 0, 540000, 'PENDING', '서울시 성동구',
        '010-1717-1717', '문 앞에 놓아주세요', CURRENT_TIMESTAMP, CURRENT_TIMESTAMP);
INSERT INTO ORDER_MASTER
VALUES ('ORD019', 'MBR027', '2023-01-19 13:00:00'::TIMESTAMP, 550000, 0, 0, 550000, 'COMPLETED', '서울시 종로구',
        '010-2727-2727', '배송 전 연락 바랍니다', CURRENT_TIMESTAMP, CURRENT_TIMESTAMP);
INSERT INTO ORDER_MASTER
VALUES ('ORD020', 'MBR027', '2023-01-20 14:00:00'::TIMESTAMP, 850000, 0, 0, 850000, 'COMPLETED', '서울시 종로구',
        '010-2727-2727', '경비실에 맡겨주세요', CURRENT_TIMESTAMP, CURRENT_TIMESTAMP);

-- 주문 상세 데이터 입력
INSERT INTO ORDER_DETAIL
VALUES ('DTL001', 'ORD001', 'PROD001', 1, 1000000, 100000, 900000, CURRENT_TIMESTAMP, CURRENT_TIMESTAMP);
INSERT INTO ORDER_DETAIL
VALUES ('DTL002', 'ORD002', 'PROD002', 1, 1500000, 225000, 1275000, CURRENT_TIMESTAMP, CURRENT_TIMESTAMP);
INSERT INTO ORDER_DETAIL
VALUES ('DTL003', 'ORD003', 'PROD003', 1, 2000000, 100000, 1900000, CURRENT_TIMESTAMP, CURRENT_TIMESTAMP);
INSERT INTO ORDER_DETAIL
VALUES ('DTL004', 'ORD004', 'PROD004', 1, 2500000, 200000, 2300000, CURRENT_TIMESTAMP, CURRENT_TIMESTAMP);
INSERT INTO ORDER_DETAIL
VALUES ('DTL005', 'ORD005', 'PROD005', 1, 800000, 96000, 704000, CURRENT_TIMESTAMP, CURRENT_TIMESTAMP);
INSERT INTO ORDER_DETAIL
VALUES ('DTL006', 'ORD006', 'PROD006', 1, 1200000, 216000, 984000, CURRENT_TIMESTAMP, CURRENT_TIMESTAMP);
INSERT INTO ORDER_DETAIL
VALUES ('DTL007', 'ORD007', 'PROD007', 1, 1800000, 360000, 1440000, CURRENT_TIMESTAMP, CURRENT_TIMESTAMP);
INSERT INTO ORDER_DETAIL
VALUES ('DTL008', 'ORD008', 'PROD008', 1, 2200000, 484000, 1716000, CURRENT_TIMESTAMP, CURRENT_TIMESTAMP);
INSERT INTO ORDER_DETAIL
VALUES ('DTL009', 'ORD009', 'PROD009', 1, 1500000, 225000, 1275000, CURRENT_TIMESTAMP, CURRENT_TIMESTAMP);
INSERT INTO ORDER_DETAIL
VALUES ('DTL010', 'ORD010', 'PROD010', 1, 2000000, 360000, 1640000, CURRENT_TIMESTAMP, CURRENT_TIMESTAMP);
INSERT INTO ORDER_DETAIL
VALUES ('DTL011', 'ORD011', 'PROD019', 1, 900000, 90000, 810000, CURRENT_TIMESTAMP, CURRENT_TIMESTAMP);
INSERT INTO ORDER_DETAIL
VALUES ('DTL012', 'ORD012', 'PROD012', 1, 1200000, 144000, 1056000, CURRENT_TIMESTAMP, CURRENT_TIMESTAMP);
INSERT INTO ORDER_DETAIL
VALUES ('DTL013', 'ORD013', 'PROD015', 1, 400000, 60000, 340000, CURRENT_TIMESTAMP, CURRENT_TIMESTAMP);
INSERT INTO ORDER_DETAIL
VALUES ('DTL014', 'ORD014', 'PROD016', 1, 600000, 108000, 492000, CURRENT_TIMESTAMP, CURRENT_TIMESTAMP);
INSERT INTO ORDER_DETAIL
VALUES ('DTL015', 'ORD015', 'PROD017', 1, 50000, 10000, 40000, CURRENT_TIMESTAMP, CURRENT_TIMESTAMP);
INSERT INTO ORDER_DETAIL
VALUES ('DTL016', 'ORD016', 'PROD018', 1, 30000, 7500, 22500, CURRENT_TIMESTAMP, CURRENT_TIMESTAMP);
INSERT INTO ORDER_DETAIL
VALUES ('DTL017', 'ORD017', 'PROD019', 1, 900000, 72000, 828000, CURRENT_TIMESTAMP, CURRENT_TIMESTAMP);
INSERT INTO ORDER_DETAIL
VALUES ('DTL018', 'ORD018', 'PROD020', 1, 600000, 60000, 540000, CURRENT_TIMESTAMP, CURRENT_TIMESTAMP);
INSERT INTO ORDER_DETAIL
VALUES ('DTL019', 'ORD019', 'PROD013', 1, 300000, 0, 300000, CURRENT_TIMESTAMP, CURRENT_TIMESTAMP);
INSERT INTO ORDER_DETAIL
VALUES ('DTL020', 'ORD019', 'PROD014', 1, 250000, 0, 250000, CURRENT_TIMESTAMP, CURRENT_TIMESTAMP);
INSERT INTO ORDER_DETAIL
VALUES ('DTL021', 'ORD020', 'PROD015', 1, 400000, 0, 400000, CURRENT_TIMESTAMP, CURRENT_TIMESTAMP);
INSERT INTO ORDER_DETAIL
VALUES ('DTL022', 'ORD020', 'PROD017', 1, 50000, 0, 50000, CURRENT_TIMESTAMP, CURRENT_TIMESTAMP);
INSERT INTO ORDER_DETAIL
VALUES ('DTL023', 'ORD020', 'PROD018', 1, 30000, 0, 30000, CURRENT_TIMESTAMP, CURRENT_TIMESTAMP);
INSERT INTO ORDER_DETAIL
VALUES ('DTL024', 'ORD020', 'PROD001', 1, 900000, 0, 900000, CURRENT_TIMESTAMP, CURRENT_TIMESTAMP);

-- 결제 데이터 입력
INSERT INTO PAYMENT
VALUES ('PAY001', 'ORD001', '2023-01-01 10:05:00'::TIMESTAMP, 900000, 'STL001', 'DTL003', 'COMPLETED',
        CURRENT_TIMESTAMP, CURRENT_TIMESTAMP);
INSERT INTO PAYMENT
VALUES ('PAY002', 'ORD002', '2023-01-02 11:05:00'::TIMESTAMP, 1275000, 'STL002', 'DTL003', 'COMPLETED',
        CURRENT_TIMESTAMP, CURRENT_TIMESTAMP);
INSERT INTO PAYMENT
VALUES ('PAY003', 'ORD003', '2023-01-03 12:05:00'::TIMESTAMP, 1900000, 'STL003', 'DTL004', 'COMPLETED',
        CURRENT_TIMESTAMP, CURRENT_TIMESTAMP);
INSERT INTO PAYMENT
VALUES ('PAY004', 'ORD004', '2023-01-04 13:05:00'::TIMESTAMP, 2300000, 'STL004', 'DTL004', 'COMPLETED',
        CURRENT_TIMESTAMP, CURRENT_TIMESTAMP);
INSERT INTO PAYMENT
VALUES ('PAY005', 'ORD005', '2023-01-05 14:05:00'::TIMESTAMP, 704000, 'STL005', 'DTL003', 'COMPLETED',
        CURRENT_TIMESTAMP, CURRENT_TIMESTAMP);
INSERT INTO PAYMENT
VALUES ('PAY006', 'ORD006', '2023-01-06 15:05:00'::TIMESTAMP, 984000, 'STL006', 'DTL003', 'COMPLETED',
        CURRENT_TIMESTAMP, CURRENT_TIMESTAMP);
INSERT INTO PAYMENT
VALUES ('PAY007', 'ORD007', '2023-01-07 16:05:00'::TIMESTAMP, 1440000, 'STL007', 'DTL004', 'COMPLETED',
        CURRENT_TIMESTAMP, CURRENT_TIMESTAMP);
INSERT INTO PAYMENT
VALUES ('PAY008', 'ORD008', '2023-01-08 17:05:00'::TIMESTAMP, 1716000, 'STL008', 'DTL004', 'COMPLETED',
        CURRENT_TIMESTAMP, CURRENT_TIMESTAMP);
INSERT INTO PAYMENT
VALUES ('PAY009', 'ORD009', '2023-01-09 18:05:00'::TIMESTAMP, 1275000, 'STL009', 'DTL003', 'COMPLETED',
        CURRENT_TIMESTAMP, CURRENT_TIMESTAMP);
INSERT INTO PAYMENT
VALUES ('PAY010', 'ORD010', '2023-01-10 19:05:00'::TIMESTAMP, 1640000, 'STL010', 'DTL003', 'COMPLETED',
        CURRENT_TIMESTAMP, CURRENT_TIMESTAMP);
INSERT INTO PAYMENT
VALUES ('PAY011', 'ORD011', '2023-01-11 20:05:00'::TIMESTAMP, 810000, 'STL011', 'DTL004', 'COMPLETED',
        CURRENT_TIMESTAMP, CURRENT_TIMESTAMP);
INSERT INTO PAYMENT
VALUES ('PAY012', 'ORD012', '2023-01-12 21:05:00'::TIMESTAMP, 1056000, 'STL012', 'DTL004', 'COMPLETED',
        CURRENT_TIMESTAMP, CURRENT_TIMESTAMP);
INSERT INTO PAYMENT
VALUES ('PAY013', 'ORD013', '2023-01-13 22:05:00'::TIMESTAMP, 340000, 'STL013', 'DTL003', 'COMPLETED',
        CURRENT_TIMESTAMP, CURRENT_TIMESTAMP);
INSERT INTO PAYMENT
VALUES ('PAY014', 'ORD014', '2023-01-14 23:05:00'::TIMESTAMP, 492000, 'STL014', 'DTL003', 'COMPLETED',
        CURRENT_TIMESTAMP, CURRENT_TIMESTAMP);
INSERT INTO PAYMENT
VALUES ('PAY019', 'ORD019', '2023-01-19 13:10:00'::TIMESTAMP, 550000, 'STL019', 'DTL006', 'COMPLETED',
        CURRENT_TIMESTAMP, CURRENT_TIMESTAMP);
INSERT INTO PAYMENT
VALUES ('PAY020', 'ORD020', '2023-01-20 14:10:00'::TIMESTAMP, 850000, 'STL020', 'DTL005', 'COMPLETED',
        CURRENT_TIMESTAMP, CURRENT_TIMESTAMP);

-- 카드 결제 데이터 입력
INSERT INTO PAYMENT_CARD
VALUES ('STL003', 'PAY003', '신용카드', '1234567812345678', '최인사', 'AP123456', 0, CURRENT_TIMESTAMP, CURRENT_TIMESTAMP);
INSERT INTO PAYMENT_CARD
VALUES ('STL004', 'PAY004', '신용카드', '2345678923456789', '정재무', 'AP234567', 0, CURRENT_TIMESTAMP, CURRENT_TIMESTAMP);
INSERT INTO PAYMENT_CARD
VALUES ('STL007', 'PAY007', '신용카드', '3456789034567890', '송미주', 'AP345678', 0, CURRENT_TIMESTAMP, CURRENT_TIMESTAMP);
INSERT INTO PAYMENT_CARD
VALUES ('STL008', 'PAY008', '신용카드', '4567890145678901', '유아시아', 'AP456789', 0, CURRENT_TIMESTAMP, CURRENT_TIMESTAMP);
INSERT INTO PAYMENT_CARD
VALUES ('STL011', 'PAY011', '신용카드', '5678901256789012', '임기획', 'AP567890', 0, CURRENT_TIMESTAMP, CURRENT_TIMESTAMP);
INSERT INTO PAYMENT_CARD
VALUES ('STL012', 'PAY012', '체크카드', '6789012367890123', '한운영', 'AP678901', 0, CURRENT_TIMESTAMP, CURRENT_TIMESTAMP);
INSERT INTO PAYMENT_CARD
VALUES ('STL019', 'PAY019', '체크카드', '7890123478901234', '소고객', 'AP789012', 0, CURRENT_TIMESTAMP, CURRENT_TIMESTAMP);

-- 현금 결제 데이터 입력
INSERT INTO PAYMENT_CASH
VALUES ('STL001', 'PAY001', '001', '1234567890', '임기획', CURRENT_TIMESTAMP, CURRENT_TIMESTAMP);
INSERT INTO PAYMENT_CASH
VALUES ('STL002', 'PAY002', '002', '2345678901', '한운영', CURRENT_TIMESTAMP, CURRENT_TIMESTAMP);
INSERT INTO PAYMENT_CASH
VALUES ('STL005', 'PAY005', '003', '3456789012', '황영업1', CURRENT_TIMESTAMP, CURRENT_TIMESTAMP);
INSERT INTO PAYMENT_CASH
VALUES ('STL006', 'PAY006', '004', '4567890123', '안영업2', CURRENT_TIMESTAMP, CURRENT_TIMESTAMP);
INSERT INTO PAYMENT_CASH
VALUES ('STL009', 'PAY009', '005', '5678901234', '설웹개발', CURRENT_TIMESTAMP, CURRENT_TIMESTAMP);
INSERT INTO PAYMENT_CASH
VALUES ('STL010', 'PAY010', '001', '6789012345', '홍모바일', CURRENT_TIMESTAMP, CURRENT_TIMESTAMP);
INSERT INTO PAYMENT_CASH
VALUES ('STL013', 'PAY013', '002', '7890123456', '오회계', CURRENT_TIMESTAMP, CURRENT_TIMESTAMP);
INSERT INTO PAYMENT_CASH
VALUES ('STL014', 'PAY014', '003', '8901234567', '신자금', CURRENT_TIMESTAMP, CURRENT_TIMESTAMP);
INSERT INTO PAYMENT_CASH
VALUES ('STL020', 'PAY020', '004', '9012345678', '소고객', CURRENT_TIMESTAMP, CURRENT_TIMESTAMP);

-- 회사별 포인트 배정년도 데이터 입력
INSERT INTO COMPANY_POINT_ALLOCATION
VALUES ('CPA001', 'CO001', 2023, 5000000, 4500000, '2023-01-01'::DATE, '2023-12-31'::DATE, 'A', CURRENT_TIMESTAMP,
        CURRENT_TIMESTAMP);
INSERT INTO COMPANY_POINT_ALLOCATION
VALUES ('CPA002', 'CO002', 2023, 3000000, 2700000, '2023-01-01'::DATE, '2023-12-31'::DATE, 'A', CURRENT_TIMESTAMP,
        CURRENT_TIMESTAMP);
INSERT INTO COMPANY_POINT_ALLOCATION
VALUES ('CPA003', 'CO003', 2023, 2000000, 1800000, '2023-01-01'::DATE, '2023-12-31'::DATE, 'A', CURRENT_TIMESTAMP,
        CURRENT_TIMESTAMP);
INSERT INTO COMPANY_POINT_ALLOCATION
VALUES ('CPA004', 'CO004', 2023, 1500000, 1350000, '2023-01-01'::DATE, '2023-12-31'::DATE, 'A', CURRENT_TIMESTAMP,
        CURRENT_TIMESTAMP);
INSERT INTO COMPANY_POINT_ALLOCATION
VALUES ('CPA005', 'CO005', 2023, 1000000, 900000, '2023-01-01'::DATE, '2023-12-31'::DATE, 'A', CURRENT_TIMESTAMP,
        CURRENT_TIMESTAMP);

-- 회원별 포인트 배정 데이터 입력
INSERT INTO MEMBER_POINT_ALLOCATION
VALUES ('MPA001', 'CPA001', 'MBR001', 100000, 20000, 80000, CURRENT_TIMESTAMP, CURRENT_TIMESTAMP);
INSERT INTO MEMBER_POINT_ALLOCATION
VALUES ('MPA002', 'CPA001', 'MBR002', 100000, 30000, 70000, CURRENT_TIMESTAMP, CURRENT_TIMESTAMP);
INSERT INTO MEMBER_POINT_ALLOCATION
VALUES ('MPA003', 'CPA001', 'MBR003', 100000, 40000, 60000, CURRENT_TIMESTAMP, CURRENT_TIMESTAMP);
INSERT INTO MEMBER_POINT_ALLOCATION
VALUES ('MPA004', 'CPA001', 'MBR004', 50000, 10000, 40000, CURRENT_TIMESTAMP, CURRENT_TIMESTAMP);
INSERT INTO MEMBER_POINT_ALLOCATION
VALUES ('MPA005', 'CPA001', 'MBR005', 50000, 15000, 35000, CURRENT_TIMESTAMP, CURRENT_TIMESTAMP);
INSERT INTO MEMBER_POINT_ALLOCATION
VALUES ('MPA006', 'CPA002', 'MBR013', 80000, 25000, 55000, CURRENT_TIMESTAMP, CURRENT_TIMESTAMP);
INSERT INTO MEMBER_POINT_ALLOCATION
VALUES ('MPA007', 'CPA002', 'MBR014', 80000, 35000, 45000, CURRENT_TIMESTAMP, CURRENT_TIMESTAMP);
INSERT INTO MEMBER_POINT_ALLOCATION
VALUES ('MPA008', 'CPA002', 'MBR015', 80000, 45000, 35000, CURRENT_TIMESTAMP, CURRENT_TIMESTAMP);
INSERT INTO MEMBER_POINT_ALLOCATION
VALUES ('MPA009', 'CPA002', 'MBR016', 40000, 15000, 25000, CURRENT_TIMESTAMP, CURRENT_TIMESTAMP);
INSERT INTO MEMBER_POINT_ALLOCATION
VALUES ('MPA010', 'CPA002', 'MBR017', 40000, 20000, 20000, CURRENT_TIMESTAMP, CURRENT_TIMESTAMP);
INSERT INTO MEMBER_POINT_ALLOCATION
VALUES ('MPA011', 'CPA003', 'MBR018', 60000, 30000, 30000, CURRENT_TIMESTAMP, CURRENT_TIMESTAMP);
INSERT INTO MEMBER_POINT_ALLOCATION
VALUES ('MPA012', 'CPA003', 'MBR019', 60000, 40000, 20000, CURRENT_TIMESTAMP, CURRENT_TIMESTAMP);
INSERT INTO MEMBER_POINT_ALLOCATION
VALUES ('MPA013', 'CPA003', 'MBR020', 30000, 20000, 10000, CURRENT_TIMESTAMP, CURRENT_TIMESTAMP);
INSERT INTO MEMBER_POINT_ALLOCATION
VALUES ('MPA014', 'CPA003', 'MBR021', 30000, 25000, 5000, CURRENT_TIMESTAMP, CURRENT_TIMESTAMP);
INSERT INTO MEMBER_POINT_ALLOCATION
VALUES ('MPA015', 'CPA004', 'MBR027', 40000, 35000, 5000, CURRENT_TIMESTAMP, CURRENT_TIMESTAMP);

-- 포인트 마스터 및 포인트 사용 이력 데이터는 필요에 따라 추가할 수 있습니다.

commit;


INSERT INTO POINT_MASTER
VALUES ('PNT001', 'MBR001', 'EARN', 5000, NULL, '2023-12-31', 'A', '신규 회원 가입 포인트', CURRENT_TIMESTAMP,
        CURRENT_TIMESTAMP);
INSERT INTO POINT_MASTER
VALUES ('PNT002', 'MBR002', 'EARN', 5000, NULL, '2023-12-31', 'A', '신규 회원 가입 포인트', CURRENT_TIMESTAMP,
        CURRENT_TIMESTAMP);
INSERT INTO POINT_MASTER
VALUES ('PNT003', 'MBR003', 'EARN', 5000, NULL, '2023-12-31', 'A', '신규 회원 가입 포인트', CURRENT_TIMESTAMP,
        CURRENT_TIMESTAMP);
INSERT INTO POINT_MASTER
VALUES ('PNT004', 'MBR004', 'EARN', 3000, NULL, '2023-12-31', 'A', '이벤트 참여 포인트', CURRENT_TIMESTAMP, CURRENT_TIMESTAMP);
INSERT INTO POINT_MASTER
VALUES ('PNT005', 'MBR005', 'EARN', 3000, NULL, '2023-12-31', 'A', '이벤트 참여 포인트', CURRENT_TIMESTAMP, CURRENT_TIMESTAMP);
INSERT INTO POINT_MASTER
VALUES ('PNT006', 'MBR006', 'EARN', 3000, NULL, '2023-12-31', 'A', '이벤트 참여 포인트', CURRENT_TIMESTAMP, CURRENT_TIMESTAMP);
INSERT INTO POINT_MASTER
VALUES ('PNT007', 'MBR010', 'EARN', 3000, NULL, '2023-12-31', 'A', '이벤트 참여 포인트', CURRENT_TIMESTAMP, CURRENT_TIMESTAMP);
INSERT INTO POINT_MASTER
VALUES ('PNT008', 'MBR010', 'EARN', 1000, 'PAY001', '2023-12-31', 'A', '구매 적립 포인트', CURRENT_TIMESTAMP,
        CURRENT_TIMESTAMP);
INSERT INTO POINT_MASTER
VALUES ('PNT009', 'MBR011', 'EARN', 1500, 'PAY002', '2023-12-31', 'A', '구매 적립 포인트', CURRENT_TIMESTAMP,
        CURRENT_TIMESTAMP);
INSERT INTO POINT_MASTER
VALUES ('PNT010', 'MBR012', 'EARN', 2000, 'PAY003', '2023-12-31', 'A', '구매 적립 포인트', CURRENT_TIMESTAMP,
        CURRENT_TIMESTAMP);
INSERT INTO POINT_MASTER
VALUES ('PNT011', 'MBR013', 'EARN', 2500, 'PAY004', '2023-12-31', 'A', '구매 적립 포인트', CURRENT_TIMESTAMP,
        CURRENT_TIMESTAMP);
INSERT INTO POINT_MASTER
VALUES ('PNT012', 'MBR014', 'EARN', 800, 'PAY005', '2023-12-31', 'A', '구매 적립 포인트', CURRENT_TIMESTAMP,
        CURRENT_TIMESTAMP);
INSERT INTO POINT_MASTER
VALUES ('PNT013', 'MBR010', 'USE', 2000, 'PAY011', '2023-12-31', 'A', '포인트 사용', CURRENT_TIMESTAMP, CURRENT_TIMESTAMP);
INSERT INTO POINT_MASTER
VALUES ('PNT014', 'MBR011', 'USE', 1500, 'PAY012', '2023-12-31', 'A', '포인트 사용', CURRENT_TIMESTAMP, CURRENT_TIMESTAMP);
INSERT INTO POINT_MASTER
VALUES ('PNT015', 'MBR012', 'USE', 1000, 'PAY013', '2023-12-31', 'A', '포인트 사용', CURRENT_TIMESTAMP, CURRENT_TIMESTAMP);
INSERT INTO POINT_MASTER
VALUES ('PNT016', 'MBR013', 'USE', 2000, 'PAY014', '2023-12-31', 'A', '포인트 사용', CURRENT_TIMESTAMP, CURRENT_TIMESTAMP);
INSERT INTO POINT_MASTER
VALUES ('PNT017', 'MBR001', 'USE', 1000, NULL, '2023-12-31', 'A', '포인트 사용', CURRENT_TIMESTAMP, CURRENT_TIMESTAMP);
INSERT INTO POINT_MASTER
VALUES ('PNT018', 'MBR002', 'USE', 1500, NULL, '2023-12-31', 'A', '포인트 사용', CURRENT_TIMESTAMP, CURRENT_TIMESTAMP);
INSERT INTO POINT_MASTER
VALUES ('PNT019', 'MBR003', 'USE', 2000, NULL, '2023-12-31', 'A', '포인트 사용', CURRENT_TIMESTAMP, CURRENT_TIMESTAMP);
INSERT INTO POINT_MASTER
VALUES ('PNT020', 'MBR004', 'USE', 1000, NULL, '2023-12-31', 'A', '포인트 사용', CURRENT_TIMESTAMP, CURRENT_TIMESTAMP);

-- 추가 회사별 포인트 배정년도 데이터
INSERT INTO COMPANY_POINT_ALLOCATION
VALUES ('CPA006', 'CO001', 2022, 4000000, 500000, '2022-01-01', '2022-12-31', 'A', CURRENT_TIMESTAMP,
        CURRENT_TIMESTAMP);
INSERT INTO COMPANY_POINT_ALLOCATION
VALUES ('CPA007', 'CO002', 2022, 2500000, 400000, '2022-01-01', '2022-12-31', 'A', CURRENT_TIMESTAMP,
        CURRENT_TIMESTAMP);
INSERT INTO COMPANY_POINT_ALLOCATION
VALUES ('CPA008', 'CO003', 2022, 1500000, 300000, '2022-01-01', '2022-12-31', 'A', CURRENT_TIMESTAMP,
        CURRENT_TIMESTAMP);
INSERT INTO COMPANY_POINT_ALLOCATION
VALUES ('CPA009', 'CO004', 2022, 1000000, 200000, '2022-01-01', '2022-12-31', 'A', CURRENT_TIMESTAMP,
        CURRENT_TIMESTAMP);
INSERT INTO COMPANY_POINT_ALLOCATION
VALUES ('CPA010', 'CO005', 2022, 800000, 100000, '2022-01-01', '2022-12-31', 'A', CURRENT_TIMESTAMP, CURRENT_TIMESTAMP);
INSERT INTO COMPANY_POINT_ALLOCATION
VALUES ('CPA011', 'CO001', 2024, 6000000, 6000000, '2024-01-01', '2024-12-31', 'A', CURRENT_TIMESTAMP,
        CURRENT_TIMESTAMP);
INSERT INTO COMPANY_POINT_ALLOCATION
VALUES ('CPA012', 'CO002', 2024, 4000000, 4000000, '2024-01-01', '2024-12-31', 'A', CURRENT_TIMESTAMP,
        CURRENT_TIMESTAMP);
INSERT INTO COMPANY_POINT_ALLOCATION
VALUES ('CPA013', 'CO003', 2024, 3000000, 3000000, '2024-01-01', '2024-12-31', 'A', CURRENT_TIMESTAMP,
        CURRENT_TIMESTAMP);
INSERT INTO COMPANY_POINT_ALLOCATION
VALUES ('CPA014', 'CO004', 2024, 2000000, 2000000, '2024-01-01', '2024-12-31', 'A', CURRENT_TIMESTAMP,
        CURRENT_TIMESTAMP);
INSERT INTO COMPANY_POINT_ALLOCATION
VALUES ('CPA015', 'CO005', 2024, 1500000, 1500000, '2024-01-01', '2024-12-31', 'A', CURRENT_TIMESTAMP,
        CURRENT_TIMESTAMP);

-- 추가 회원별 포인트 배정 데이터
INSERT INTO MEMBER_POINT_ALLOCATION
VALUES ('MPA016', 'CPA006', 'MBR001', 120000, 90000, 30000, CURRENT_TIMESTAMP, CURRENT_TIMESTAMP);
INSERT INTO MEMBER_POINT_ALLOCATION
VALUES ('MPA017', 'CPA006', 'MBR002', 120000, 100000, 20000, CURRENT_TIMESTAMP, CURRENT_TIMESTAMP);
INSERT INTO MEMBER_POINT_ALLOCATION
VALUES ('MPA018', 'CPA006', 'MBR003', 120000, 95000, 25000, CURRENT_TIMESTAMP, CURRENT_TIMESTAMP);
INSERT INTO MEMBER_POINT_ALLOCATION
VALUES ('MPA019', 'CPA006', 'MBR004', 60000, 45000, 15000, CURRENT_TIMESTAMP, CURRENT_TIMESTAMP);
INSERT INTO MEMBER_POINT_ALLOCATION
VALUES ('MPA020', 'CPA006', 'MBR005', 60000, 50000, 10000, CURRENT_TIMESTAMP, CURRENT_TIMESTAMP);
INSERT INTO MEMBER_POINT_ALLOCATION
VALUES ('MPA021', 'CPA007', 'MBR013', 90000, 80000, 10000, CURRENT_TIMESTAMP, CURRENT_TIMESTAMP);
INSERT INTO MEMBER_POINT_ALLOCATION
VALUES ('MPA022', 'CPA007', 'MBR014', 90000, 75000, 15000, CURRENT_TIMESTAMP, CURRENT_TIMESTAMP);
INSERT INTO MEMBER_POINT_ALLOCATION
VALUES ('MPA023', 'CPA007', 'MBR015', 90000, 85000, 5000, CURRENT_TIMESTAMP, CURRENT_TIMESTAMP);
INSERT INTO MEMBER_POINT_ALLOCATION
VALUES ('MPA024', 'CPA007', 'MBR016', 50000, 35000, 15000, CURRENT_TIMESTAMP, CURRENT_TIMESTAMP);
INSERT INTO MEMBER_POINT_ALLOCATION
VALUES ('MPA025', 'CPA007', 'MBR017', 50000, 40000, 10000, CURRENT_TIMESTAMP, CURRENT_TIMESTAMP);
INSERT INTO MEMBER_POINT_ALLOCATION
VALUES ('MPA026', 'CPA011', 'MBR001', 150000, 0, 150000, CURRENT_TIMESTAMP, CURRENT_TIMESTAMP);
INSERT INTO MEMBER_POINT_ALLOCATION
VALUES ('MPA027', 'CPA011', 'MBR002', 150000, 0, 150000, CURRENT_TIMESTAMP, CURRENT_TIMESTAMP);
INSERT INTO MEMBER_POINT_ALLOCATION
VALUES ('MPA028', 'CPA011', 'MBR003', 150000, 0, 150000, CURRENT_TIMESTAMP, CURRENT_TIMESTAMP);
INSERT INTO MEMBER_POINT_ALLOCATION
VALUES ('MPA029', 'CPA011', 'MBR004', 80000, 0, 80000, CURRENT_TIMESTAMP, CURRENT_TIMESTAMP);
INSERT INTO MEMBER_POINT_ALLOCATION
VALUES ('MPA030', 'CPA011', 'MBR005', 80000, 0, 80000, CURRENT_TIMESTAMP, CURRENT_TIMESTAMP);

-- 포인트 사용 이력 데이터
INSERT INTO POINT_USAGE_HISTORY
VALUES ('PUH001', 'MPA001', 'PAY011', 2000, '2023-01-11 20:00:00', '포인트 결제 사용', CURRENT_TIMESTAMP, CURRENT_TIMESTAMP);
INSERT INTO POINT_USAGE_HISTORY
VALUES ('PUH002', 'MPA002', 'PAY012', 1500, '2023-01-12 21:00:00', '포인트 결제 사용', CURRENT_TIMESTAMP, CURRENT_TIMESTAMP);
INSERT INTO POINT_USAGE_HISTORY
VALUES ('PUH003', 'MPA003', 'PAY013', 1000, '2023-01-13 22:00:00', '포인트 결제 사용', CURRENT_TIMESTAMP, CURRENT_TIMESTAMP);
INSERT INTO POINT_USAGE_HISTORY
VALUES ('PUH004', 'MPA004', 'PAY014', 2000, '2023-01-14 23:00:00', '포인트 결제 사용', CURRENT_TIMESTAMP, CURRENT_TIMESTAMP);
INSERT INTO POINT_USAGE_HISTORY
VALUES ('PUH005', 'MPA005', NULL, 1000, '2023-01-15 10:00:00', '이벤트 응모 사용', CURRENT_TIMESTAMP, CURRENT_TIMESTAMP);
INSERT INTO POINT_USAGE_HISTORY
VALUES ('PUH006', 'MPA006', NULL, 1500, '2023-01-16 11:00:00', '이벤트 응모 사용', CURRENT_TIMESTAMP, CURRENT_TIMESTAMP);
INSERT INTO POINT_USAGE_HISTORY
VALUES ('PUH007', 'MPA007', NULL, 1200, '2023-01-17 12:00:00', '이벤트 응모 사용', CURRENT_TIMESTAMP, CURRENT_TIMESTAMP);
INSERT INTO POINT_USAGE_HISTORY
VALUES ('PUH008', 'MPA008', NULL, 800, '2023-01-18 13:00:00', '이벤트 응모 사용', CURRENT_TIMESTAMP, CURRENT_TIMESTAMP);
INSERT INTO POINT_USAGE_HISTORY
VALUES ('PUH009', 'MPA009', NULL, 1000, '2023-01-19 14:00:00', '이벤트 응모 사용', CURRENT_TIMESTAMP, CURRENT_TIMESTAMP);
INSERT INTO POINT_USAGE_HISTORY
VALUES ('PUH010', 'MPA010', NULL, 1200, '2023-01-20 15:00:00', '이벤트 응모 사용', CURRENT_TIMESTAMP, CURRENT_TIMESTAMP);
INSERT INTO POINT_USAGE_HISTORY
VALUES ('PUH011', 'MPA011', 'PAY011', 3000, '2023-01-21 16:00:00', '포인트 결제 사용', CURRENT_TIMESTAMP, CURRENT_TIMESTAMP);
INSERT INTO POINT_USAGE_HISTORY
VALUES ('PUH012', 'MPA012', 'PAY012', 2500, '2023-01-22 17:00:00', '포인트 결제 사용', CURRENT_TIMESTAMP, CURRENT_TIMESTAMP);
INSERT INTO POINT_USAGE_HISTORY
VALUES ('PUH013', 'MPA013', 'PAY013', 2000, '2023-01-23 18:00:00', '포인트 결제 사용', CURRENT_TIMESTAMP, CURRENT_TIMESTAMP);
INSERT INTO POINT_USAGE_HISTORY
VALUES ('PUH014', 'MPA014', 'PAY014', 1500, '2023-01-24 19:00:00', '포인트 결제 사용', CURRENT_TIMESTAMP, CURRENT_TIMESTAMP);
INSERT INTO POINT_USAGE_HISTORY
VALUES ('PUH015', 'MPA015', 'PAY019', 1000, '2023-01-25 20:00:00', '포인트 결제 사용', CURRENT_TIMESTAMP, CURRENT_TIMESTAMP);
INSERT INTO POINT_USAGE_HISTORY
VALUES ('PUH016', 'MPA016', NULL, 5000, '2022-06-01 10:00:00', '상품 교환 사용', CURRENT_TIMESTAMP, CURRENT_TIMESTAMP);
INSERT INTO POINT_USAGE_HISTORY
VALUES ('PUH017', 'MPA017', NULL, 8000, '2022-06-15 11:00:00', '상품 교환 사용', CURRENT_TIMESTAMP, CURRENT_TIMESTAMP);
INSERT INTO POINT_USAGE_HISTORY
VALUES ('PUH018', 'MPA018', NULL, 10000, '2022-07-01 12:00:00', '상품 교환 사용', CURRENT_TIMESTAMP, CURRENT_TIMESTAMP);
INSERT INTO POINT_USAGE_HISTORY
VALUES ('PUH019', 'MPA019', NULL, 7000, '2022-07-15 13:00:00', '상품 교환 사용', CURRENT_TIMESTAMP, CURRENT_TIMESTAMP);
INSERT INTO POINT_USAGE_HISTORY
VALUES ('PUH020', 'MPA020', NULL, 6000, '2022-08-01 14:00:00', '상품 교환 사용', CURRENT_TIMESTAMP, CURRENT_TIMESTAMP);

-- 쿠폰 결제 데이터 추가
INSERT INTO PAYMENT_COUPON
VALUES ('STL015', 'PAY015', 'COUPON001', 'DISCOUNT', 10000, CURRENT_TIMESTAMP, CURRENT_TIMESTAMP);
INSERT INTO PAYMENT_COUPON
VALUES ('STL016', 'PAY016', 'COUPON002', 'DISCOUNT', 7500, CURRENT_TIMESTAMP, CURRENT_TIMESTAMP);
INSERT INTO PAYMENT_COUPON
VALUES ('STL017', 'PAY017', 'COUPON003', 'DISCOUNT', 20000, CURRENT_TIMESTAMP, CURRENT_TIMESTAMP);
INSERT INTO PAYMENT_COUPON
VALUES ('STL018', 'PAY018', 'COUPON004', 'DISCOUNT', 15000, CURRENT_TIMESTAMP, CURRENT_TIMESTAMP);

-- 환불 데이터 추가
INSERT INTO REFUND
VALUES ('REF001', 'PAY005', '2023-01-06 10:00:00', 70400, '상품 불량', 'COMPLETED', CURRENT_TIMESTAMP, CURRENT_TIMESTAMP);
INSERT INTO REFUND
VALUES ('REF002', 'PAY006', '2023-01-07 11:00:00', 98400, '고객 변심', 'COMPLETED', CURRENT_TIMESTAMP, CURRENT_TIMESTAMP);
INSERT INTO REFUND
VALUES ('REF003', 'PAY007', '2023-01-08 12:00:00', 144000, '배송 지연', 'COMPLETED', CURRENT_TIMESTAMP, CURRENT_TIMESTAMP);
INSERT INTO REFUND
VALUES ('REF004', 'PAY008', '2023-01-09 13:00:00', 171600, '상품 오배송', 'COMPLETED', CURRENT_TIMESTAMP, CURRENT_TIMESTAMP);
INSERT INTO REFUND
VALUES ('REF005', 'PAY015', '2023-01-16 14:00:00', 40000, '고객 변심', 'PENDING', CURRENT_TIMESTAMP, CURRENT_TIMESTAMP);
INSERT INTO REFUND
VALUES ('REF006', 'PAY016', '2023-01-17 15:00:00', 22500, '상품 불량', 'PENDING', CURRENT_TIMESTAMP, CURRENT_TIMESTAMP);
INSERT INTO REFUND
VALUES ('REF007', 'PAY017', '2023-01-18 16:00:00', 41400, '배송 지연', 'PENDING', CURRENT_TIMESTAMP, CURRENT_TIMESTAMP);
INSERT INTO REFUND
VALUES ('REF008', 'PAY018', '2023-01-19 17:00:00', 27000, '상품 오배송', 'PENDING', CURRENT_TIMESTAMP, CURRENT_TIMESTAMP);

-- 멘토-멘티 데이터 추가
INSERT INTO MEMBER_MENTOR
VALUES ('MBR022', 'MBR018', '2020-01-01'::DATE, NULL, 'A');
INSERT INTO MEMBER_MENTOR
VALUES ('MBR023', 'MBR018', '2020-02-01'::DATE, NULL, 'A');
INSERT INTO MEMBER_MENTOR
VALUES ('MBR024', 'MBR019', '2020-03-01'::DATE, NULL, 'A');
INSERT INTO MEMBER_MENTOR
VALUES ('MBR025', 'MBR020', '2020-04-01'::DATE, NULL, 'A');
INSERT INTO MEMBER_MENTOR
VALUES ('MBR026', 'MBR021', '2020-05-01'::DATE, NULL, 'A');
INSERT INTO MEMBER_MENTOR
VALUES ('MBR028', 'MBR022', '2020-07-01'::DATE, NULL, 'A');
INSERT INTO MEMBER_MENTOR
VALUES ('MBR029', 'MBR022', '2020-08-01'::DATE, NULL, 'A');
INSERT INTO MEMBER_MENTOR
VALUES ('MBR030', 'MBR023', '2020-09-01'::DATE, NULL, 'A');

-- 프로젝트 기여도 데이터 추가
INSERT INTO PROJECT_CONTRIBUTION
VALUES ('PROJ001', 'MBR018', 40, 'PM');
INSERT INTO PROJECT_CONTRIBUTION
VALUES ('PROJ001', 'MBR022', 30, 'Developer');
INSERT INTO PROJECT_CONTRIBUTION
VALUES ('PROJ001', 'MBR023', 30, 'Designer');
INSERT INTO PROJECT_CONTRIBUTION
VALUES ('PROJ002', 'MBR019', 50, 'PM');
INSERT INTO PROJECT_CONTRIBUTION
VALUES ('PROJ002', 'MBR024', 50, 'Developer');
INSERT INTO PROJECT_CONTRIBUTION
VALUES ('PROJ003', 'MBR020', 30, 'PM');
INSERT INTO PROJECT_CONTRIBUTION
VALUES ('PROJ003', 'MBR025', 70, 'Infrastructure Engineer');
INSERT INTO PROJECT_CONTRIBUTION
VALUES ('PROJ004', 'MBR021', 35, 'PM');
INSERT INTO PROJECT_CONTRIBUTION
VALUES ('PROJ004', 'MBR026', 65, 'Security Expert');
INSERT INTO PROJECT_CONTRIBUTION
VALUES ('PROJ005', 'MBR023', 60, 'PM');
INSERT INTO PROJECT_CONTRIBUTION
VALUES ('PROJ005', 'MBR029', 40, 'Designer');
INSERT INTO PROJECT_CONTRIBUTION
VALUES ('PROJ006', 'MBR029', 45, 'PM');
INSERT INTO PROJECT_CONTRIBUTION
VALUES ('PROJ006', 'MBR030', 55, 'Data Analyst');

COMMIT;